CREATE DATABASE  IF NOT EXISTS `Supermarket` /*!40100 DEFAULT CHARACTER SET latin1 */;
USE `Supermarket`;
-- MySQL dump 10.13  Distrib 5.7.12, for Win64 (x86_64)
--
-- Host: 192.168.0.106    Database: Supermarket
-- ------------------------------------------------------
-- Server version	5.5.53-0+deb8u1

/*!40101 SET @OLD_CHARACTER_SET_CLIENT=@@CHARACTER_SET_CLIENT */;
/*!40101 SET @OLD_CHARACTER_SET_RESULTS=@@CHARACTER_SET_RESULTS */;
/*!40101 SET @OLD_COLLATION_CONNECTION=@@COLLATION_CONNECTION */;
/*!40101 SET NAMES utf8 */;
/*!40103 SET @OLD_TIME_ZONE=@@TIME_ZONE */;
/*!40103 SET TIME_ZONE='+00:00' */;
/*!40014 SET @OLD_UNIQUE_CHECKS=@@UNIQUE_CHECKS, UNIQUE_CHECKS=0 */;
/*!40014 SET @OLD_FOREIGN_KEY_CHECKS=@@FOREIGN_KEY_CHECKS, FOREIGN_KEY_CHECKS=0 */;
/*!40101 SET @OLD_SQL_MODE=@@SQL_MODE, SQL_MODE='NO_AUTO_VALUE_ON_ZERO' */;
/*!40111 SET @OLD_SQL_NOTES=@@SQL_NOTES, SQL_NOTES=0 */;

--
-- Table structure for table `Categorie`
--

DROP TABLE IF EXISTS `Categorie`;
/*!40101 SET @saved_cs_client     = @@character_set_client */;
/*!40101 SET character_set_client = utf8 */;
CREATE TABLE `Categorie` (
  `IDCategorie` int(11) NOT NULL AUTO_INCREMENT,
  `Nume` varchar(50) CHARACTER SET utf8mb4 NOT NULL,
  `Brand` varchar(50) CHARACTER SET utf8mb4 DEFAULT NULL,
  PRIMARY KEY (`IDCategorie`)
) ENGINE=InnoDB AUTO_INCREMENT=7 DEFAULT CHARSET=latin1;
/*!40101 SET character_set_client = @saved_cs_client */;

--
-- Dumping data for table `Categorie`
--

LOCK TABLES `Categorie` WRITE;
/*!40000 ALTER TABLE `Categorie` DISABLE KEYS */;
INSERT INTO `Categorie` VALUES (1,'Alimente','Chio'),(2,'Alimente','Kandia'),(3,'Menaj ','Domestos'),(4,'Electrocasnice','Beco'),(5,'Menaj','MrProper'),(6,'Alimente','Cotnari');
/*!40000 ALTER TABLE `Categorie` ENABLE KEYS */;
UNLOCK TABLES;

--
-- Table structure for table `Chitanta`
--

DROP TABLE IF EXISTS `Chitanta`;
/*!40101 SET @saved_cs_client     = @@character_set_client */;
/*!40101 SET character_set_client = utf8 */;
CREATE TABLE `Chitanta` (
  `IDChitanta` int(11) NOT NULL AUTO_INCREMENT,
  `IDFactura` int(11) NOT NULL,
  `Nr` int(11) NOT NULL,
  `Data` date NOT NULL,
  PRIMARY KEY (`IDChitanta`),
  KEY `FK_Chitanta_Factura` (`IDFactura`),
  CONSTRAINT `FK_Chitanta_Factura` FOREIGN KEY (`IDFactura`) REFERENCES `Factura` (`IDFactura`) ON DELETE NO ACTION ON UPDATE NO ACTION
) ENGINE=InnoDB AUTO_INCREMENT=7 DEFAULT CHARSET=latin1;
/*!40101 SET character_set_client = @saved_cs_client */;

--
-- Dumping data for table `Chitanta`
--

LOCK TABLES `Chitanta` WRITE;
/*!40000 ALTER TABLE `Chitanta` DISABLE KEYS */;
INSERT INTO `Chitanta` VALUES (3,5,1,'2013-04-14'),(5,11,2,'2015-03-01'),(6,14,3,'2016-09-04');
/*!40000 ALTER TABLE `Chitanta` ENABLE KEYS */;
UNLOCK TABLES;

--
-- Table structure for table `Factura`
--

DROP TABLE IF EXISTS `Factura`;
/*!40101 SET @saved_cs_client     = @@character_set_client */;
/*!40101 SET character_set_client = utf8 */;
CREATE TABLE `Factura` (
  `IDFactura` int(11) NOT NULL AUTO_INCREMENT,
  `Serie` char(5) CHARACTER SET utf8mb4 NOT NULL,
  `Nr` int(11) NOT NULL,
  `Data` date NOT NULL,
  `Achitat` char(10) CHARACTER SET utf8mb4 NOT NULL DEFAULT 'NU',
  `Valoare_neta` int(11) NOT NULL,
  `IDFurnizor` int(11) NOT NULL,
  PRIMARY KEY (`IDFactura`),
  KEY `FK_Factura_Furnizor` (`IDFurnizor`),
  CONSTRAINT `FK_Factura_Furnizor` FOREIGN KEY (`IDFurnizor`) REFERENCES `Furnizor` (`IDFurnizor`) ON DELETE NO ACTION ON UPDATE NO ACTION
) ENGINE=InnoDB AUTO_INCREMENT=15 DEFAULT CHARSET=latin1;
/*!40101 SET character_set_client = @saved_cs_client */;

--
-- Dumping data for table `Factura`
--

LOCK TABLES `Factura` WRITE;
/*!40000 ALTER TABLE `Factura` DISABLE KEYS */;
INSERT INTO `Factura` VALUES (4,'SR',12345,'2012-02-12','NU',1200,1),(5,'SR',12344,'2013-02-12','DA',1300,1),(9,'TM',12347,'2013-05-04','NU',2700,3),(10,'CR',33321,'2014-06-12','NU',1500,8),(11,'MV',44141,'2015-02-01','DA',3100,9),(13,'CR',45451,'2015-04-03','NU',2800,3),(14,'SR',75756,'2016-08-03','DA',1200,9);
/*!40000 ALTER TABLE `Factura` ENABLE KEYS */;
UNLOCK TABLES;

--
-- Table structure for table `Furnizor`
--

DROP TABLE IF EXISTS `Furnizor`;
/*!40101 SET @saved_cs_client     = @@character_set_client */;
/*!40101 SET character_set_client = utf8 */;
CREATE TABLE `Furnizor` (
  `IDFurnizor` int(11) NOT NULL AUTO_INCREMENT,
  `Nume` varchar(50) CHARACTER SET utf8mb4 NOT NULL,
  `Cod_fiscal` char(10) CHARACTER SET utf8mb4 NOT NULL,
  `Adresa` varchar(50) CHARACTER SET utf8mb4 NOT NULL,
  `Telefon` char(10) CHARACTER SET utf8mb4 NOT NULL,
  `IBAN` char(24) CHARACTER SET utf8mb4 NOT NULL,
  `Banca` char(10) CHARACTER SET utf8mb4 NOT NULL,
  PRIMARY KEY (`IDFurnizor`)
) ENGINE=InnoDB AUTO_INCREMENT=10 DEFAULT CHARSET=latin1;
/*!40101 SET character_set_client = @saved_cs_client */;

--
-- Dumping data for table `Furnizor`
--

LOCK TABLES `Furnizor` WRITE;
/*!40000 ALTER TABLE `Furnizor` DISABLE KEYS */;
INSERT INTO `Furnizor` VALUES (1,'Sc Grand SRL','6767','Splaiul Independetei, 100','0744123123','RO12RZB123456789','BCR'),(3,'Sc Metro SRL','6565','Aleea Aurorei, 3','0745456456','RO12RZB123456789','BCR'),(8,'MaxPack','1234','Ritmului, 32','0742178978','RO34CNR123456789','ING'),(9,'Safimp','4545','Baneasa, 27','0722454545','RO56RDB123456789','Reiffeisen');
/*!40000 ALTER TABLE `Furnizor` ENABLE KEYS */;
UNLOCK TABLES;

--
-- Table structure for table `Intrari_produse`
--

DROP TABLE IF EXISTS `Intrari_produse`;
/*!40101 SET @saved_cs_client     = @@character_set_client */;
/*!40101 SET character_set_client = utf8 */;
CREATE TABLE `Intrari_produse` (
  `IDProdus` int(11) NOT NULL,
  `IDFactura` int(11) NOT NULL,
  `Cantitate_produs` int(11) DEFAULT NULL,
  PRIMARY KEY (`IDProdus`,`IDFactura`),
  KEY `FK_Intrari_produse_Factura` (`IDFactura`),
  CONSTRAINT `FK_Intrari_produse_Factura` FOREIGN KEY (`IDFactura`) REFERENCES `Factura` (`IDFactura`) ON DELETE NO ACTION ON UPDATE NO ACTION,
  CONSTRAINT `FK_Intrari_produse_Produs` FOREIGN KEY (`IDProdus`) REFERENCES `Produs` (`IDProdus`) ON DELETE NO ACTION ON UPDATE NO ACTION
) ENGINE=InnoDB DEFAULT CHARSET=latin1;
/*!40101 SET character_set_client = @saved_cs_client */;

--
-- Dumping data for table `Intrari_produse`
--

LOCK TABLES `Intrari_produse` WRITE;
/*!40000 ALTER TABLE `Intrari_produse` DISABLE KEYS */;
INSERT INTO `Intrari_produse` VALUES (1,4,5),(1,9,5),(2,5,5),(2,9,12),(2,10,20),(3,9,12),(3,10,12),(4,5,6),(4,10,6),(4,11,7),(5,11,7),(6,11,8),(6,13,8),(7,4,9),(7,13,9),(7,14,15),(8,14,15),(9,13,20);
/*!40000 ALTER TABLE `Intrari_produse` ENABLE KEYS */;
UNLOCK TABLES;

--
-- Table structure for table `Produs`
--

DROP TABLE IF EXISTS `Produs`;
/*!40101 SET @saved_cs_client     = @@character_set_client */;
/*!40101 SET character_set_client = utf8 */;
CREATE TABLE `Produs` (
  `IDProdus` int(11) NOT NULL AUTO_INCREMENT,
  `Denumire` varchar(50) CHARACTER SET utf8mb4 DEFAULT NULL,
  `IDCategorie` int(11) NOT NULL,
  `Pret/produs` int(11) NOT NULL,
  `Cantitate_stoc` int(11) DEFAULT NULL,
  PRIMARY KEY (`IDProdus`),
  KEY `FK_Produs_Categorie` (`IDCategorie`),
  CONSTRAINT `FK_Produs_Categorie` FOREIGN KEY (`IDCategorie`) REFERENCES `Categorie` (`IDCategorie`) ON DELETE NO ACTION ON UPDATE NO ACTION
) ENGINE=InnoDB AUTO_INCREMENT=10 DEFAULT CHARSET=latin1;
/*!40101 SET character_set_client = @saved_cs_client */;

--
-- Dumping data for table `Produs`
--

LOCK TABLES `Produs` WRITE;
/*!40000 ALTER TABLE `Produs` DISABLE KEYS */;
INSERT INTO `Produs` VALUES (1,'Toaster',4,20,2),(2,'Sandiwich-maker',4,40,3),(3,'Plita',4,45,3),(4,'Cutii bomboane',2,12,3),(5,'Vin alb demisec',6,15,4),(6,'Ceară parchet',5,20,2),(7,'Odorizant',3,15,4),(8,'Chipsuri sare',1,5,5),(9,'Chipsuri paprika',1,5,5);
/*!40000 ALTER TABLE `Produs` ENABLE KEYS */;
UNLOCK TABLES;

--
-- Table structure for table `sysdiagrams`
--

DROP TABLE IF EXISTS `sysdiagrams`;
/*!40101 SET @saved_cs_client     = @@character_set_client */;
/*!40101 SET character_set_client = utf8 */;
CREATE TABLE `sysdiagrams` (
  `name` varchar(160) NOT NULL,
  `principal_id` int(11) NOT NULL,
  `diagram_id` int(11) NOT NULL AUTO_INCREMENT,
  `version` int(11) DEFAULT NULL,
  `definition` longblob,
  PRIMARY KEY (`diagram_id`),
  UNIQUE KEY `UK_principal_name` (`principal_id`,`name`)
) ENGINE=InnoDB AUTO_INCREMENT=2 DEFAULT CHARSET=latin1;
/*!40101 SET character_set_client = @saved_cs_client */;

--
-- Dumping data for table `sysdiagrams`
--

LOCK TABLES `sysdiagrams` WRITE;
/*!40000 ALTER TABLE `sysdiagrams` DISABLE KEYS */;
INSERT INTO `sysdiagrams` VALUES ('Diagram_0',1,1,1,'\\ࡱ\Z\\0\0\0\0\0\0\0\0\0\0\0\0\0\0\0\0>\0\0	\0\0\0\0\0\0\0\0\0\0\0\0\0\0\0\0\0\0\0\0\0\0\0\0\0\0\0\0\0\0\0\0\0\0\0\0\0\0\0\0\0\0\0\0\0\0\0\0\0\0\0\0\0\0\0\0\0	\0\0\0\n\0\0\0\0\0\0\0\0\0\r\0\0\0\0\0\0\0\0\0\0\0\0\0\0\0\0\0\0\0\0\0\0\0\0\0\0\0\0\0\0\0\0\0\Z\0\0\0R\0o\0o\0t\0 \0E\0n\0t\0r\0y\0\0\0\0\0\0\0\0\0\0\0\0\0\0\0\0\0\0\0\0\0\0\0\0\0\0\0\0\0\0\0\0\0\0\0\0\0\0\0\0\0\0\0\0\0\0\0\0\0\0\0\0\0\0\0\0\0\0\0\0\0\0\0\0\0\0\0\0\0\0\0\0\0\0\0\0\0\0OQ\b\\0\0\0\0\0\0\0\0\0f\0\0\0\0\0\0\0\0\0\0\0\0\0\0\0\0\0\0\0\0\0\0\0\0\0\0\0\0\0\0\0\0\0\0\0\0\0\0\0\0\0\0\0\0\0\0\0\0\0\0\0\0\0\0\0\0\0\0\0\0\0\0\0\0\0\0\0\0\0\0\0\0\0\0\0\0\0\0\0\0\0\0\0\0\0\0\0\0\0\0\0\0\0\0\0\0\0\0\0\0\0\0\0\0j\0\0\0\0\0\0o\0\0\0\0\0\0\0\0\0\0\0\0\0\0\0\0\0\0\0\0\0\0\0\0\0\0\0\0\0\0\0\0\0\0\0\0\0\0\0\0\0\0\0\0\0\0\0\0\0\0\0\0\0\0\0\0\0\0\0\0\0\0\0\0\0\0\0\0\0\0\0\0\0\0\0\0\0\0\0\0\0\0\0\0\0\0\0\0\0\0\0\0\0\0\0\0\0\0\0\0\0\0\0\0\0\0\0\0\0G\0\0\0\0\0\0\0C\0o\0m\0p\0O\0b\0j\0\0\0\0\0\0\0\0\0\0\0\0\0\0\0\0\0\0\0\0\0\0\0\0\0\0\0\0\0\0\0\0\0\0\0\0\0\0\0\0\0\0\0\0\0\0\0\0\0\0\0\0\0\0\0\0\0\0\0\0\0\0\0\0\0\0\0\0\0\0\0\0\0\0\0\0\0\0\0\0\0\0\0\0\0\0\0\0\0_\0\0\0\0\0\0\0\0\0\0\0\0\0\0\0\0\0\0\0\0\0\0\0\0\0\0\0\0\0\0\0	\0\0\0\n\0\0\0\0\0\0\0\0\0\r\0\0\0\0\0\0\0\0\0\0\0\0\0\0\0\0\0\0\0\0\0\0\0\0\0\0\0\0\0\0\0\0\0\Z\0\0\0\0\0\0\0\0\0\0\0\0\0\0\0\0\0\0 \0\0\0!\0\0\0\"\0\0\0#\0\0\0$\0\0\0%\0\0\0&\0\0\0\'\0\0\0(\0\0\0)\0\0\0*\0\0\0+\0\0\0,\0\0\0-\0\0\0.\0\0\0/\0\0\00\0\0\01\0\0\02\0\0\03\0\0\04\0\0\05\0\0\06\0\0\07\0\0\08\0\0\09\0\0\0:\0\0\0;\0\0\0<\0\0\0=\0\0\0>\0\0\0?\0\0\0@\0\0\0A\0\0\0B\0\0\0C\0\0\0D\0\0\0E\0\0\0F\0\0\0G\0\0\0H\0\0\0I\0\0\0J\0\0\0K\0\0\0L\0\0\0M\0\0\0N\0\0\0O\0\0\0P\0\0\0Q\0\0\0R\0\0\0S\0\0\0T\0\0\0U\0\0\0V\0\0\0W\0\0\0Z\0\0\0[\0\0\0\\\0\0\0]\0\0\0^\0\0\0_\0\0\0`\0\0\0a\0\0\0b\0\0\0c\0\0\0d\0\0\0e\0\0\0\04\0\nP\0\0\0\0\0\0Z\0\0\0\0\0\0\0}\0\0Fq\0\0J=\0\0\{\0\0k\0\0F\\0\0\0ހ[\\0\0\\\\0\0\00\0\0\0\0\0\0\0\0\08\0+\0\0\0	\0\0\0\\\\Q\0\W9;a\C5)\\R2}\bB\'<%\-\0\0,\0C \0\0\0\0\0\0\0\0\0\0SDM\\c\0`\\H4\\wyw\p\0[\r\0\0,\0C \0\0\0\0\0\0\0\0\0\0QDM\\c\0`\\H4\\wyw\p\0[\r\0\0\0p\0\0\0\0\0\04\0	\0\0\0\0\0\0\0\0\0\0\0\0	\0\0SchGrid\0\0\0\0\0p\0\0Categorie\0\0\0\0\00\0	\0\0\0\0\0\0\0\0\0\0\0\0\0\0SchGrid\0-\0\00\0\0Chitanta\0\00\0	\0\0\0\0\0\0\0\0\0\0\0\0\0\0SchGrid\0L\0\0D\0\0Factura\0\0\0l\0	\0\0\0\0\0\0\0R\0\0\0\0\0C\0\0Control\0,\0\0(\0\0Relationship \'FK_Chitanta_Factura\' between \'Factura\' and \'Chitanta\'\0\0\0(\0\0\0\0\0\0\0\01\0\0\0Y\0\0\0\0\0Control\0.\0\0,\0\0\0\00\0	\0\0\0\0\0\0\0\0\0\0\0\0\0\0SchGrid\0\0\00\0\0Furnizor\0\0l\0	\0\0\0\0\0\0\0R\0\0\0\0\0C\0\0Control\0K\0\0\Z(\0\0Relationship \'FK_Factura_Furnizor\' between \'Furnizor\' and \'Factura\'\0\0\0(\0\0\0\0\0\0\0\01\0\0\0Y\0\0\0\0\0Control\0\\0\0-\0\0\0\08\0	\0\0\0\0	\0\0\0\0\0\0\0\0\0\0SchGridax\0\0,\0\0Intrari_produse\0\0\0|\0	\0\0\0\0\n\0\0\0R\0\0\0\0\0Q\0\0Controlam\'\0\0T\n\0\0Relationship \'FK_Intrari_produse_Factura\' between \'Factura\' and \'Intrari_produse\'\0\0\0\0\0(\0\0\0\0\0\0\0\01\0\0\0g\0\0\0\0\0Control:)\0\0\0\0\0\00\0	\0\0\0\0\0\0\0\0\0\0\0\0\0\0SchGrid\0\0\0\0\0,\0\0Produsd\0\0\0l\0	\0\0\0\0\r\0\0\0R\0\0\0\0\0C\0\0Control\0\0\0\0\0Relationship \'FK_Produs_Categorie\' between \'Categorie\' and \'Produs\'\0\0\0(\0\0\0\0\0\0\0\01\0\0\0Y\0\0\0\0\0Control\0;\0\0=\0\0\0\0x\0	\0\0\0\0\0\0\0R\0\0\0\0\0O\0\0Control\0\\0\0q\0\0Relationship \'FK_Intrari_produse_Produs\' between \'Produs\' and \'Intrari_produse\'\0\0\0(\0\0\0\0\0\0\0\01\0\0\0e\0\0\0\0\0Controlri\0\0\0\0\0\0\0\0\0\0\0\0\0\0\0\0\0\0\0\0\0\0\0\0\0\0\0\n\0\0\0\0\0\0\0\0\0\0\0\0\0\0\0\0\0\0\0\0\0Microsoft DDS Form 2.0\0\0\0\0Embedded Object\0\0\0\0\09q\0\0\0\0\0\0\0\0\0\0\0\0\0\0\0\0\0\0\0\0\0\0\0\0\0\0\0\0\0\0\0\0\0\0\0\0\0\0\0\0\0\0\0\0\0!C4\0\0\0\0\0\\0\0xV4\0\0\0\0\0C\0a\0t\0e\0g\0o\0r\0i\0e\0\0\0\0\0\0\0\0\0\0\0\0\0\0\0\0\0\0\0\0\0\0\0\0\0\0\0\0\0\0\0\0\0\0\0\0\n\0\0\0\0\0\0\0\0\0\0\0\0\0\0\0\0\0\0\0\0\0\0\0\0\0\0\0\0\0\0\0\0\0\0\0\0\0\0\0\0\0\0\0\0\0\0\0\0\0\0\0\0\0\0\0\0\0\0\0\0\0\0\0\0\0\0\0\0\0\0\0\0\0\0\0\0\0\0\0\0\0\0\0\0\0\0\0\0\0\0\0\0\0\0\0Ku\n\n\0\0\0\0\0\0\0\0\0\0\0\0\0\0\0\0\0\0\0\0\0\0\0\0\0\0\0\0\0\0\0\0\0H\n\0\0\0\0\0\0\0\0X\n\0\0\0\0\0\0\0\0\0\0\0\0\0\0\0\0\0\0\0\0\0\0\0\0\0\0\0T\0\0\0,\0\0\0,\0\0\0,\0\0\04\0\0\0\0\0\0\0\0\0\0\0$\0\0w\0\0\0\0\0\0-\0\0\0\0\0\0\0\0\0\0\0\0\0\0\0T\0\0\0\0*\0\0:\0\08\0\0\0\0\\0\0\0\0	\0\0\Z\0\0\0\0\0\0\0\0\0\0\0\\0\0\0\0\0\0\0\0\0\0\0\0\0\0\0\0\0\0\0\0	\0\0\0\0\0\0\0\0\0\\0\0\0\0\0\0\0\0\0\0\0\0\0\0\0\0\0\0\0\0\0\0\0\0\0\0\0\0\0\0\0\\0\0\\0\0\0\0\0\0\0\0\0\0\0\0\0\0\0\0\0\0\0\0\0\0\0\0\0\0\0\0\0\0\0\0,\0\0\ \0\0\0\0\0\0\0\0\0\0\r\0\0\0\0\0\0\0\0\0\0\0\0\0$	\0\0\0\0xV4\0\0\0\\\0\0\0\0\0\0\0\0\0\0\0\0\0\0\0\0\0\0\0\0\0\0\0\0\0\0\0\0\0\0\0\0\0\0\0\0\0\0\0\0	\0\0\0\n\0\0\0\0\0\0d\0b\0o\0\0\0\n\0\0\0C\0a\0t\0e\0g\0o\0r\0i\0e\0\0\0!C4\0\0\0\0\0\0\0xV4\0\0\0\0\0C\0h\0i\0t\0a\0n\0t\0a\0\0\0e\0r\0s\0i\0o\0n\0=\02\0.\00\0.\00\0.\00\0,\0 \0C\0u\0l\0t\0u\0r\0e\0=\0n\0e\0u\0t\0r\0a\0l\0,\0 \0P\0u\0b\0l\0i\0c\0K\0e\0y\0T\0o\0k\0e\0n\0=\0b\07\07\0a\05\0c\05\06\01\09\03\04\0e\00\08\09\0\0\0\0\0\0\0\0\0\0\0\0\0\0\0\0\0\0\0\0\0\0\0\0\0\0\0\0\0\0\0\0\0\0\0\0\0\0\0\0\0\0\0\0\0\0\0\0\0\0\0\0\0\0\0\0\0\0\0\0\0\0\0\0\0\0\0\0\0\0\0\0\0\0\0\0\0\0\0\0\0\0\0\0\0\0\0\0\0\0\0\0\0\0\0\0\0\0\0\0\0\0\0\0\0\0\0\0\0T\0\0\0,\0\0\0,\0\0\0,\0\0\04\0\0\0\0\0\0\0\0\0\0\0$\0\0w\0\0\0\0\0\0-\0\0\0\0\0\0\0\0\0\0\0\0\0\0\0T\0\0\0\0*\0\0:\0\08\0\0\0\0\\0\0\0\0	\0\0\Z\0\0\0\0\0\0\0\0\0\0\0\0\0\0\0\0\0\0\0\0\0\0\0\0\0\0\0\0\0\0\0	\0\0\0\0\0\0\0\0\0\\0\0\0\0\0\0\0\0\0\0\0\0\0\0\0\0\0\0\0\0\0\0\0\0\0\0\0\0\0\0\0\\0\0\\0\0\0\0\0\0\0\0\0\0\0\0\0\0\0\0\0\0\0\0\0\0\0\0\0\0\0\0\0\0\0\0,\0\0\ \0\0\0\0\0\0\0\0\0\0\r\0\0\0\0\0\0\0\0\0\0\0\0\0$	\0\0\0\0xV4\0\0\0Z\0\0\0\0\0\0\0\0\0\0\0\0\0\0\0\0\0\0\0\0\0\0\0\0\0\0\0\0\0\0\0\0\0\0\0\0\0\0\0\0	\0\0\0\n\0\0\0\0\0\0d\0b\0o\0\0\0	\0\0\0C\0h\0i\0t\0a\0n\0t\0a\0\0\0!C4\0\0\0\0\0\0\0xV4\0\0\0\0\0F\0a\0c\0t\0u\0r\0a\0\0\0a\0t\0a\0,\0 \0V\0e\0r\0s\0i\0o\0n\0=\02\0.\00\0.\00\0.\00\0,\0 \0C\0u\0l\0t\0u\0r\0e\0=\0n\0e\0u\0t\0r\0a\0l\0,\0 \0P\0u\0b\0l\0i\0c\0K\0e\0y\0T\0o\0k\0e\0n\0=\0b\07\07\0a\05\0c\05\06\01\09\03\04\0e\00\08\09\0\0\0\0\0\0\0\0\0\0\0\0\0\0\0\0\0\0\0\0\0\0\0\0\0\0\0\0\0\0\0\0\0\0\0\0\0\0\0\0\0\0\0\0\0\0\0\0\0\0\0\0\0\0\0\0\0\0\0\0\0\0\0\0\0\0\0\0\0\0\0\0\0\0\0\0\0\0\0\0\0\0\0\0\0\0\0\0\0\0\0\0\0\0\0\0\0\0\0T\0\0\0,\0\0\0,\0\0\0,\0\0\04\0\0\0\0\0\0\0\0\0\0\0$\0\0\0\0\0\0\0\0-\0\0	\0\0\0\0\0\0\0\0\0\0\0\0\0T\0\0\0\0*\0\0:\0\08\0\0\0\0\\0\0\0\0	\0\0\Z\0\0\0\0\0\0\0\0\0\0\0\0\0\0\0\0\0\0\0\0\0\0\0\0\0\0\0\0\0\0\0	\0\0\0\0\0\0\0\0\0\\0\0\0\0\0\0\0\0\0\0\0\0\0\0\0\0\0\0\0\0\0\0\0\0\0\0\0\0\0\0\0\\0\0\\0\0\0\0\0\0\0\0\0\0\0\0\0\0\0\0\0\0\0\0\0\0\0\0\0\0\0\0\0\0\0\0,\0\0\ \0\0\0\0\0\0\0\0\0\0\r\0\0\0\0\0\0\0\0\0\0\0\0\0$	\0\0\0\0xV4\0\0\0X\0\0\0\0\0\0\0\0\0\0\0\0\0\0\0\0\0\0\0\0\0\0\0\0\0\0\0\0\0\0\0\0\0\0\0\0\0\0\0\0	\0\0\0\n\0\0\0\0\0\0d\0b\0o\0\0\0\0\0\0F\0a\0c\0t\0u\0r\0a\0\0\0\0\0J.\0\0\*\0\0J.\0\00\0\0\0\0\0\0\0\0\0\0\0\0\0\0\0\0\0\0\0\0\0\0\0\0\0\0\0\0\0\0\0\0\0\0\0\0.\0\0,\0\0}\0\0X\0\01\0\0\0\0\0\0\0}\0\0X\0\0\0\0\0\0\0\0\0\0\0\0\0\0\0\0\0\0DB\0Tahoma\0F\0K\0_\0C\0h\0i\0t\0a\0n\0t\0a\0_\0F\0a\0c\0t\0u\0r\0a\0!C4\0\0\0\0\0\0\0xV4\0\0\0\0\0F\0u\0r\0n\0i\0z\0o\0r\0\0\0t\0a\0,\0 \0V\0e\0r\0s\0i\0o\0n\0=\02\0.\00\0.\00\0.\00\0,\0 \0C\0u\0l\0t\0u\0r\0e\0=\0n\0e\0u\0t\0r\0a\0l\0,\0 \0P\0u\0b\0l\0i\0c\0K\0e\0y\0T\0o\0k\0e\0n\0=\0b\07\07\0a\05\0c\05\06\01\09\03\04\0e\00\08\09\0\0\0\0\0\0\0\0\0\0\0\0\0\0\0\0\0\0\0\0\0\0\0\0\0\0\0\0\0\0\0\0\0\0\0\0\0\0\0\0\0\0\0\0\0\0\0\0\0\0\0\0\0\0\0\0\0\0\0\0\0\0\0\0\0\0\0\0\0\0\0\0\0\0\0\0\0\0\0\0\0\0\0\0\0\0\0\0\0\0\0\0\0\0\0\0\0\0\0T\0\0\0,\0\0\0,\0\0\0,\0\0\04\0\0\0\0\0\0\0\0\0\0\0$\0\0\0\0\0\0\0\0-\0\0	\0\0\0\0\0\0\0\0\0\0\0\0\0T\0\0\0\0*\0\0:\0\08\0\0\0\0\\0\0\0\0	\0\0\Z\0\0\0\0\0\0\0\0\0\0\0\0\0\0\0\0\0\0\0\0\0\0\0\0\0\0\0\0\0\0\0	\0\0\0\0\0\0\0\0\0\\0\0\0\0\0\0\0\0\0\0\0\0\0\0\0\0\0\0\0\0\0\0\0\0\0\0\0\0\0\0\0\\0\0\\0\0\0\0\0\0\0\0\0\0\0\0\0\0\0\0\0\0\0\0\0\0\0\0\0\0\0\0\0\0\0\0,\0\0\ \0\0\0\0\0\0\0\0\0\0\r\0\0\0\0\0\0\0\0\0\0\0\0\0$	\0\0\0\0xV4\0\0\0Z\0\0\0\0\0\0\0\0\0\0\0\0\0\0\0\0\0\0\0\0\0\0\0\0\0\0\0\0\0\0\0\0\0\0\0\0\0\0\0\0	\0\0\0\n\0\0\0\0\0\0d\0b\0o\0\0\0	\0\0\0F\0u\0r\0n\0i\0z\0o\0r\0\0\0\0\0\\0\00\0\0\\0\0\*\0\0\0\0\0\0\0\0\0\0\0\0\0\0\0\0\0\0\0\0\0\0\0\0\0\0\0\0\0\0\0\0\0\0\0\0\\0\0-\0\0D\0\0X\0\01\0\0\0\0\0\0\0D\0\0X\0\0\0\0\0\0\0\0\0\0\0\0\0\0\0\0\0\0DB\0Tahoma\0F\0K\0_\0F\0a\0c\0t\0u\0r\0a\0_\0F\0u\0r\0n\0i\0z\0o\0r\0!C4\0\0\0\0\0\\0\0xV4\0\0\0\0\0I\0n\0t\0r\0a\0r\0i\0_\0p\0r\0o\0d\0u\0s\0e\0\0\0C\0u\0l\0t\0u\0r\0e\0=\0n\0e\0u\0t\0r\0a\0l\0,\0 \0P\0u\0b\0l\0i\0c\0K\0e\0y\0T\0o\0k\0e\0n\0=\0b\00\03\0f\05\0f\07\0f\01\01\0d\05\00\0a\03\0a\0\0\0\0\0\0\0\0\0\0\0\0\0\0\0\0\0\0\0\0\0\0\0\0\0\0\0\0\0\0\0\0\0\0\0\0\0\0\0\0\0\0\0\0\0\0\0\0\0\0\0\0\0\0\0\0\0\0\0\0\0\0\0\0\0\0\0\0\0\0\0\0\0\0\0\0\0\0\0\0\0\0\0\0\0\0\0\0\0\0\0\0\0\0\0\0\0\0\0\0\0\0\0\0\0\0\0\0\0\0\0\0\0\0\0\0\0\0\0\0\0\0\0\0\0\0\0T\0\0\0,\0\0\0,\0\0\0,\0\0\04\0\0\0\0\0\0\0\0\0\0\0$\0\0w\0\0\0\0\0\0-\0\0\0\0\0\0\0\0\0\0\0\0\0\0\0T\0\0\0\0*\0\0:\0\08\0\0\0\0\\0\0\0\0	\0\0\Z\0\0\0\0\0\0\0\0\0\0\0\\0\0\0\0\0\0\0\0\0\0\0\0\0\0\0\0\0\0\0\0	\0\0\0\0\0\0\0\0\0\\0\0\0\0\0\0\0\0\0\0\0\0\0\0\0\0\0\0\0\0\0\0\0\0\0\0\0\0\0\0\0\\0\0\\0\0\0\0\0\0\0\0\0\0\0\0\0\0\0\0\0\0\0\0\0\0\0\0\0\0\0\0\0\0\0\0,\0\0\ \0\0\0\0\0\0\0\0\0\0\r\0\0\0\0\0\0\0\0\0\0\0\0\0$	\0\0\0\0xV4\0\0\0h\0\0\0\0\0\0\0\0\0\0\0\0\0\0\0\0\0\0\0\0\0\0\0\0\0\0\0\0\0\0\0\0\0\0\0\0\0\0\0\0	\0\0\0\n\0\0\0\0\0\0d\0b\0o\0\0\0\0\0\0I\0n\0t\0r\0a\0r\0i\0_\0p\0r\0o\0d\0u\0s\0e\0\0\0\0\0)\0\0D\0\0)\0\0\r\0\0\0\0\0\0\0\0\0\0\0\0\0\0\0\0\0\0\0\0\0\0\0\0\0\0\0\0\0\0\0\0\0\0\0\0)\0\0\0\0Q\0\0X\0\08\0\0\0\0\0\0\0Q\0\0X\0\0\0\0\0\0\0\0\0\0\0\0\0\0\0\0\0DB\0Tahoma\Z\0F\0K\0_\0I\0n\0t\0r\0a\0r\0i\0_\0p\0r\0o\0d\0u\0s\0e\0_\0F\0a\0c\0t\0u\0r\0a\0!C4\0\0\0\0\0\0\0xV4\0\0\0\0\0P\0r\0o\0d\0u\0s\0\0\0*\0*\0*\0*\0*\0*\0 \0S\0c\0r\0i\0p\0t\0 \0f\0o\0r\0 \0S\0e\0l\0e\0c\0t\0T\0o\0p\0N\0R\0o\0w\0s\0 \0c\0o\0m\0m\0a\0n\0d\0 \0f\0r\0o\0m\0 \0S\0S\0M\0S\0 \0 \0*\0*\0*\0*\0*\0*\0/\0\r\0\n\0S\0E\0L\0E\0C\0T\0 \0T\0O\0P\0 \02\00\00\0 \0[\0I\0D\0P\0r\0o\0d\0u\0s\0]\0\r\0\n\0 \0 \0 \0 \0 \0 \0,\0[\0I\0D\0F\0a\0c\0t\0u\0r\0a\0]\0\r\0\n\0 \0 \0F\0R\0\0\0\0\0\0\0\0\0\0\0\0\0\0\0\0\0T\0\0\0,\0\0\0,\0\0\0,\0\0\04\0\0\0\0\0\0\0\0\0\0\0$\0\0w\0\0\0\0\0\0-\0\0\0\0\0\0\0\0\0\0\0\0\0\0\0T\0\0\0\0*\0\0:\0\08\0\0\0\0\\0\0\0\0	\0\0\Z\0\0\0\0\0\0\0\0\0\0\0\0\0\0\0\0\0\0\0\0\0\0\0\0\0\0\0\0\0\0\0	\0\0\0\0\0\0\0\0\0\\0\0\0\0\0\0\0\0\0\0\0\0\0\0\0\0\0\0\0\0\0\0\0\0\0\0\0\0\0\0\0\\0\0\\0\0\0\0\0\0\0\0\0\0\0\0\0\0\0\0\0\0\0\0\0\0\0\0\0\0\0\0\0\0\0\0,\0\0\ \0\0\0\0\0\0\0\0\0\0\r\0\0\0\0\0\0\0\0\0\0\0\0\0$	\0\0\0\0xV4\0\0\0V\0\0\0\0\0\0\0\0\0\0\0\0\0\0\0\0\0\0\0\0\0\0\0\0\0\0\0\0\0\0\0\0\0\0\0\0\0\0\0\0	\0\0\0\n\0\0\0\0\0\0d\0b\0o\0\0\0\0\0\0P\0r\0o\0d\0u\0s\0\0\0\0\0\n\0\0p\0\0\n\0\0:\0\0\0\0\0\0\0\0\0\0\0\0\0\0\0\0\0\0\0\0\0\0\0\0\0\0\0\0\0\0\0\0\0\0\0\0;\0\0=\0\0\0\0X\0\08\0\0\0\0\0\0\0\0\0X\0\0\0\0\0\0\0\0\0\0\0\0\0\0\0\0\0DB\0Tahoma\0F\0K\0_\0P\0r\0o\0d\0u\0s\0_\0C\0a\0t\0e\0g\0o\0r\0i\0e\0\0\0\0\0\0\0x\0\0\0\0\0\0\0\0\0\0\0\0\0\0\0\0\0\0\0\0\0\0\0\0\0\0\0\0\0\0\0\0\0\0\0\0\0\0i\0\0\0\0\\0\0X\0\01\0\0\0\0\0\0\0\\0\0X\0\0\0\0\0\0\0\0\0\0\0\0\0\0\0\0\0DB\0Tahoma\0F\0K\0_\0I\0n\0t\0r\0a\0r\0i\0_\0p\0r\0o\0d\0u\0s\0e\0_\0P\0r\0o\0d\0u\0s\0\0\0\0\0\0\0\0\0\0\0\0\0\0\0\0\0\0\0\0\0\0\0\0\0\0\0\0\0\0\0\0\0\0\0\0\0\0\0\0\0\0\0\0\0\0\0\0\0\0\0\0\0\0\0\0\0\0\0\0\0\0\0\0\0\0\0\0\0\0\0\0\0\0\0\0\0\0\0\0\0\0\0\0\0\0\0\0\0\0\0\0\0\0\0\0\0\0\0\0\0\0\0\0\0\0\0\0\0\0\0\0\0\0\0\0\0\0\0\0\0\0\0\0\0\0\0\0\0\0\0\0\0\0\0\0\0\0\0\0\0\0\0\0\0\0\0\0\0\0\0\0\0\0\0\0\0\0\0\0\0\0\0\0\0\0\0\0\0\0\0\0\0\0\0\0\0\0\0\0\0\0\0\0\0\0\0D\0d\0s\0S\0t\0r\0e\0a\0m\0\0\0\0\0\0\0\0\0\0\0\0\0\0\0\0\0\0\0\0\0\0\0\0\0\0\0\0\0\0\0\0\0\0\0\0\0\0\0\0\0\0\0\0\0\0\0\0\0\0\0\0\0\0\0\0\0\0\0\0\0\0\0\0\0\0\0\0\0\0\0\0\0\0\0\0\0\0\0\0\0\0\0\0\0\0\0\0\0\0\0\0\0\0\0\0\0\0S\0c\0h\0e\0m\0a\0 \0U\0D\0V\0 \0D\0e\0f\0a\0u\0l\0t\0\0\0\0\0\0\0\0\0\0\0\0\0\0\0\0\0\0\0\0\0\0\0\0\0\0\0\0\0&\0\0\0\0\0\0\0\0\0\0\0\0\0\0\0\0\0\0\0\0\0\0\0\0\0\0\0\0\0\0\0\0\0\0\0\0\0\0X\0\0\0\0\0\0\0\0\0\0D\0S\0R\0E\0F\0-\0S\0C\0H\0E\0M\0A\0-\0C\0O\0N\0T\0E\0N\0T\0S\0\0\0\0\0\0\0\0\0\0\0\0\0\0\0\0\0\0\0\0\0\0\0,\0\0\0\0\0\0\0\0\0\0\0\0\0\0\0\0\0\0\0\0\0\0\0\0\0\0\0\0\0\0\0\0\0\0\0\0\0\0\0\0\0\0\0Y\0\0\0\0\0\0\0\0\0S\0c\0h\0e\0m\0a\0 \0U\0D\0V\0 \0D\0e\0f\0a\0u\0l\0t\0 \0P\0o\0s\0t\0 \0V\06\0\0\0\0\0\0\0\0\0\0\0\0\06\0\0\0\0\0\0\0\0\0\0\0\0\0\0\0\0\0\0\0\0\0\0\0\0\0\0\0\0\0\0\0\0\0\0\0\0\0\0f\0\0\0\0\0\0\0\0\0\0\0\0\0F\\0\0\0\0&\0\0\0s\0c\0h\0_\0l\0a\0b\0e\0l\0s\0_\0v\0i\0s\0i\0b\0l\0e\0\0\0\0\0\0\0\0\0\0\0\0\0\0\0\0\0\0\0\0\0\0\0\0\0\0\0\0d\0\0\0\0\0\0\0\0\0\0\0\0\0\0\0\0\0\0\0\0\0\0\0\0\0\0\0\0\0\0\0\0\0\0\0\0\0\0\0\0\0\0\0\0\0\0\0\\0\0\0(\0\0\0A\0c\0t\0i\0v\0e\0T\0a\0b\0l\0e\0V\0i\0e\0w\0M\0o\0d\0e\0\0\0\0\0\0\0\0\0\01\0\0\0 \0\0\0T\0a\0b\0l\0e\0V\0i\0e\0w\0M\0o\0d\0e\0:\00\0\0\0\0\0\0\0:\0\0\04\0,\00\0,\02\08\04\0,\00\0,\01\09\08\00\0,\01\0,\01\06\02\00\0,\05\0,\01\00\08\00\0\0\0 \0\0\0T\0a\0b\0l\0e\0V\0i\0e\0w\0M\0o\0d\0e\0:\01\0\0\0\0\0\0\0\0\0\02\0,\00\0,\02\08\04\0,\00\0,\02\04\07\05\0\0\0 \0\0\0T\0a\0b\0l\0e\0V\0i\0e\0w\0M\0o\0d\0e\0:\02\0\0\0\0\0\0\0\0\0\02\0,\00\0,\02\08\04\0,\00\0,\01\09\08\00\0\0\0 \0\0\0T\0a\0b\0l\0e\0V\0i\0e\0w\0M\0o\0d\0e\0:\03\0\0\0\0\0\0\0\0\0\02\0,\00\0,\02\08\04\0,\00\0,\01\09\08\00\0\0\0 \0\0\0T\0a\0b\0l\0e\0V\0i\0e\0w\0M\0o\0d\0e\0:\04\0\0\0\0\0\0\0>\0\0\04\0,\00\0,\02\08\04\0,\00\0,\01\09\08\00\0,\01\02\0,\02\03\04\00\0,\01\01\0,\01\04\04\00\0\0\0\0\0\0\0\0\0\0\0\0\0\0\0\0\0\0\0\0\0\0\0\0\0\\0\0\0(\0\0\0A\0c\0t\0i\0v\0e\0T\0a\0b\0l\0e\0V\0i\0e\0w\0M\0o\0d\0e\0\0\0\0\0\0\0\0\0\01\0\0\0 \0\0\0T\0a\0b\0l\0e\0V\0i\0e\0w\0M\0o\0d\0e\0:\00\0\0\0\0\0\0\0:\0\0\04\0,\00\0,\02\08\04\0,\00\0,\01\09\08\00\0,\01\0,\01\06\02\00\0,\05\0,\01\00\08\00\0\0\0 \0\0\0T\0a\0b\0l\0e\0V\0i\0e\0w\0M\0o\0d\0e\0:\01\0\0\0\0\0\0\0\0\0\02\0,\00\0,\02\08\04\0,\00\0,\02\04\07\05\0\0\0 \0\0\0T\0a\0b\0l\0e\0V\0i\0e\0w\0M\0o\0d\0e\0:\02\0\0\0\0\0\0\0\0\0\02\0,\00\0,\02\08\04\0,\00\0,\01\09\08\00\0\0\0 \0\0\0T\0a\0b\0l\0e\0V\0i\0e\0w\0M\0o\0d\0e\0:\03\0\0\0\0\0\0\0\0\0\02\0,\00\0,\02\08\04\0,\00\0,\01\09\08\00\0\0\0 \0\0\0T\0a\0b\0l\0e\0V\0i\0e\0w\0M\0o\0d\0e\0:\04\0\0\0\0\0\0\0>\0\0\04\0,\00\0,\02\08\04\0,\00\0,\01\09\08\00\0,\01\02\0,\02\03\04\00\0,\01\01\0,\01\04\04\00\0\0\0\0\0\0\0\0\0\0\0\0\0\0\0\0\0\0\0\0\0\0\0\0\0\\0\0\0(\0\0\0A\0c\0t\0i\0v\0e\0T\0a\0b\0l\0e\0V\0i\0e\0w\0M\0o\0d\0e\0\0\0\0\0\0\0\0\0\01\0\0\0 \0\0\0T\0a\0b\0l\0e\0V\0i\0e\0w\0M\0o\0d\0e\0:\00\0\0\0\0\0\0\0:\0\0\04\0,\00\0,\02\08\04\0,\00\0,\01\09\08\00\0,\01\0,\01\06\02\00\0,\05\0,\01\00\08\00\0\0\0 \0\0\0T\0a\0b\0l\0e\0V\0i\0e\0w\0M\0o\0d\0e\0:\01\0\0\0\0\0\0\0\0\0\02\0,\00\0,\02\08\04\0,\00\0,\02\04\07\05\0\0\0 \0\0\0T\0a\0b\0l\0e\0V\0i\0e\0w\0M\0o\0d\0e\0:\02\0\0\0\0\0\0\0\0\0\02\0,\00\0,\02\08\04\0,\00\0,\01\09\08\00\0\0\0 \0\0\0T\0a\0b\0l\0e\0V\0i\0e\0w\0M\0o\0d\0e\0:\03\0\0\0\0\0\0\0\0\0\02\0,\00\0,\02\08\04\0,\00\0,\01\09\08\00\0\0\0 \0\0\0T\0a\0b\0l\0e\0V\0i\0e\0w\0M\0o\0d\0e\0:\04\0\0\0\0\0\0\0>\0\0\04\0,\00\0,\02\08\04\0,\00\0,\01\09\08\00\0,\01\02\0,\02\03\04\00\0,\01\01\0,\01\04\04\00\0\0\0\0\0\0\0\0\0\0\0\0\08\0\0\0iC\0\0\0d\0b\0o\0\0\0F\0K\0_\0C\0h\0i\0t\0a\0n\0t\0a\0_\0F\0a\0c\0t\0u\0r\0a\0\0\0\0\0\0\0\0\0\0\0\\0\0\0\0\0\0\0\0\0\0\0\0\0\0\0\0CC\0\0\0\0\0\0\0\0\0\0\0\0\0\0\0\0\0\0\0\0\0\0\0\0\0\0\0\0\0\0\0\0\0\0\\0\0\0(\0\0\0A\0c\0t\0i\0v\0e\0T\0a\0b\0l\0e\0V\0i\0e\0w\0M\0o\0d\0e\0\0\0\0\0\0\0\0\0\01\0\0\0 \0\0\0T\0a\0b\0l\0e\0V\0i\0e\0w\0M\0o\0d\0e\0:\00\0\0\0\0\0\0\0:\0\0\04\0,\00\0,\02\08\04\0,\00\0,\01\09\08\00\0,\01\0,\01\06\02\00\0,\05\0,\01\00\08\00\0\0\0 \0\0\0T\0a\0b\0l\0e\0V\0i\0e\0w\0M\0o\0d\0e\0:\01\0\0\0\0\0\0\0\0\0\02\0,\00\0,\02\08\04\0,\00\0,\02\04\07\05\0\0\0 \0\0\0T\0a\0b\0l\0e\0V\0i\0e\0w\0M\0o\0d\0e\0:\02\0\0\0\0\0\0\0\0\0\02\0,\00\0,\02\08\04\0,\00\0,\01\09\08\00\0\0\0 \0\0\0T\0a\0b\0l\0e\0V\0i\0e\0w\0M\0o\0d\0e\0:\03\0\0\0\0\0\0\0\0\0\02\0,\00\0,\02\08\04\0,\00\0,\01\09\08\00\0\0\0 \0\0\0T\0a\0b\0l\0e\0V\0i\0e\0w\0M\0o\0d\0e\0:\04\0\0\0\0\0\0\0>\0\0\04\0,\00\0,\02\08\04\0,\00\0,\01\09\08\00\0,\01\02\0,\02\03\04\00\0,\01\01\0,\01\04\04\00\0\0\0\0\0\0\0\0\0\0\0\0\08\0\0\0iC\0\0\0d\0b\0o\0\0\0F\0K\0_\0F\0a\0c\0t\0u\0r\0a\0_\0F\0u\0r\0n\0i\0z\0o\0r\0\0\0\0\0\0\0\0\0\0\0\\0\0\0\0\0\0\0\0\0\0\0\0\0\0\0\0C\0C\0\0\0\0\0\0\0\0\0\0\0\0	\0\0\0	\0\0\0\0\0\0\0\0\0\0\0\0\0\0\0\0\0\0\0\\0\0\0(\0\0\0A\0c\0t\0i\0v\0e\0T\0a\0b\0l\0e\0V\0i\0e\0w\0M\0o\0d\0e\0\0\0\0\0\0\0\0\0\01\0\0\0 \0\0\0T\0a\0b\0l\0e\0V\0i\0e\0w\0M\0o\0d\0e\0:\00\0\0\0\0\0\0\0:\0\0\04\0,\00\0,\02\08\04\0,\00\0,\01\09\08\00\0,\01\0,\01\06\02\00\0,\05\0,\01\00\08\00\0\0\0 \0\0\0T\0a\0b\0l\0e\0V\0i\0e\0w\0M\0o\0d\0e\0:\01\0\0\0\0\0\0\0\0\0\02\0,\00\0,\02\08\04\0,\00\0,\02\04\07\05\0\0\0 \0\0\0T\0a\0b\0l\0e\0V\0i\0e\0w\0M\0o\0d\0e\0:\02\0\0\0\0\0\0\0\0\0\02\0,\00\0,\02\08\04\0,\00\0,\01\09\08\00\0\0\0 \0\0\0T\0a\0b\0l\0e\0V\0i\0e\0w\0M\0o\0d\0e\0:\03\0\0\0\0\0\0\0\0\0\02\0,\00\0,\02\08\04\0,\00\0,\01\09\08\00\0\0\0 \0\0\0T\0a\0b\0l\0e\0V\0i\0e\0w\0M\0o\0d\0e\0:\04\0\0\0\0\0\0\0>\0\0\04\0,\00\0,\02\08\04\0,\00\0,\01\09\08\00\0,\01\02\0,\02\03\04\00\0,\01\01\0,\01\04\04\00\0\0\0\n\0\0\0\n\0\0\0\0\0\0\0F\0\0\0\0l\0\0\0\0d\0b\0o\0\0\0F\0K\0_\0I\0n\0t\0r\0a\0r\0i\0_\0p\0r\0o\0d\0u\0s\0e\0_\0F\0a\0c\0t\0u\0r\0a\0\0\0\0\0\0\0\0\0\0\0\\0\0\0\0\0\0\0\0\0\0\n\0\0\0\0\0\0CC\0\0\0\0\0\0\0\0\0\0\0\0\0\0\0\0\0\0\0\0\0\0\0\0\0\0\0\0\0\0\0\0\0\0\\0\0\0(\0\0\0A\0c\0t\0i\0v\0e\0T\0a\0b\0l\0e\0V\0i\0e\0w\0M\0o\0d\0e\0\0\0\0\0\0\0\0\0\01\0\0\0 \0\0\0T\0a\0b\0l\0e\0V\0i\0e\0w\0M\0o\0d\0e\0:\00\0\0\0\0\0\0\0:\0\0\04\0,\00\0,\02\08\04\0,\00\0,\01\09\08\00\0,\01\0,\01\06\02\00\0,\05\0,\01\00\08\00\0\0\0 \0\0\0T\0a\0b\0l\0e\0V\0i\0e\0w\0M\0o\0d\0e\0:\01\0\0\0\0\0\0\0\0\0\02\0,\00\0,\02\08\04\0,\00\0,\02\04\07\05\0\0\0 \0\0\0T\0a\0b\0l\0e\0V\0i\0e\0w\0M\0o\0d\0e\0:\02\0\0\0\0\0\0\0\0\0\02\0,\00\0,\02\08\04\0,\00\0,\01\09\08\00\0\0\0 \0\0\0T\0a\0b\0l\0e\0V\0i\0e\0w\0M\0o\0d\0e\0:\03\0\0\0\0\0\0\0\0\0\02\0,\00\0,\02\08\04\0,\00\0,\01\09\08\00\0\0\0 \0\0\0T\0a\0b\0l\0e\0V\0i\0e\0w\0M\0o\0d\0e\0:\04\0\0\0\0\0\0\0>\0\0\04\0,\00\0,\02\08\04\0,\00\0,\01\09\08\00\0,\01\02\0,\02\03\04\00\0,\01\01\0,\01\04\04\00\0\0\0\r\0\0\0\r\0\0\0\0\0\0\08\0\0\0iC\0\0\0d\0b\0o\0\0\0F\0K\0_\0P\0r\0o\0d\0u\0s\0_\0C\0a\0t\0e\0g\0o\0r\0i\0e\0\0\0\0\0\0\0\0\0\0\0\\0\0\0\0\0\0\0\0\0\0\r\0\0\0\0\0\0C@C\0\0\0\0\0\0\0\0\0\0\0\0\0\0\0\0\0\0\0\0\0\0D\0\0\0\0l\0\0\0\0d\0b\0o\0\0\0F\0K\0_\0I\0n\0t\0r\0a\0r\0i\0_\0p\0r\0o\0d\0u\0s\0e\0_\0P\0r\0o\0d\0u\0s\0\0\0\0\0\0\0\0\0\0\0\\0\0\0\0\0\0\0\0\0\0\0\0\0\0\0\0C\0C\0\0\0\0\0\0\0\0\0\0\0\0\0\0\0\r\0\0\0\0\0\0\0\0\0\"\0\0\0#\0\0\0\n\0\0\0\0\0\0	\0\0\0&\0\0\0#\0\0\0\0\0\0\0\0\0\0\0\09\0\0\0\0\0\0\0\0\0\0\0\0\0\0\0\0*\0\0\0\0\0\0\0\0\0\0\0\0	\0\0\0Y\0\0\0X\0\0\0\0\0\0\0\0\0\0\0\0\0\0\0\0\0\0\0\0\0\0\0\0\0\0\0\0\0\0\0\0\0\0\0\0\0\0\0\0\0\0\0\0\0\0\0\0\0\0\0\0\0\0\0\0\0\0\0\0\0\0\0\0\0\0\0\0\0\0\0\0\0\0\0\0\0\0\0\0Na\0\0\0\0\0\0\0\0\0\0\0\0\0\0\0\0\0\0\0\0\0\0\0\0\0\0\0\0\0\0\0\0\0\0\0\0\0\0\0\0\0\0\0\\\\Q\0\W9\0\0\0\qJ\b\\0\0HE\0\0\0\0\0\0\0\0\0\0\0\0\0\0\0\0\0n\0\0D\0a\0t\0a\0 \0S\0o\0u\0r\0c\0e\0=\0.\0\\\0M\0S\0_\0S\0T\0U\0D\0I\0O\0;\0I\0n\0i\0t\0i\0a\0l\0 \0C\0a\0t\0a\0l\0o\0g\0=\0S\0u\0p\0e\0r\0m\0a\0r\0k\0e\0t\0;\0I\0n\0t\0e\0g\0r\0a\0t\0e\0d\0 \0S\0e\0c\0u\0r\0i\0t\0y\0=\0T\0r\0u\0e\0;\0M\0u\0l\0t\0i\0p\0l\0e\0A\0c\0t\0i\0v\0e\0R\0e\0s\0u\0l\0t\0S\0e\0t\0s\0=\0F\0a\0l\0s\0e\0;\0P\0a\0c\0k\0e\0t\0 \0S\0i\0z\0e\0=\04\00\09\06\0;\0A\0p\0p\0l\0i\0c\0a\0t\0i\0o\0n\0 \0N\0a\0m\0e\0=\0\"\0M\0i\0c\0r\0o\0s\0o\0f\0t\0 \0S\0Q\0L\0 \0S\0e\0r\0v\0e\0r\0 \0M\0a\0n\0a\0g\0e\0m\0e\0n\0t\0 \0S\0t\0u\0d\0i\0o\0\"\0\0\0\0\0\0\0\0D\0i\0a\0g\0r\0a\0m\0_\00\0\0\0\0&\0\0\0\0C\0a\0t\0e\0g\0o\0r\0i\0e\0\0\0\0\0\0d\0b\0o\0\0\0\0&\0\0\0\0C\0h\0i\0t\0a\0n\0t\0a\0\0\0\0\0\0d\0b\0o\0\0\0\0&\0\0\0\0F\0a\0c\0t\0u\0r\0a\0\0\0\0\0\0d\0b\0o\0\0\0\0&\0\0\0\0F\0u\0r\0n\0i\0z\0o\0r\0\0\0\0\0\0d\0b\0o\0\0\0\0&\0 \0\0\0I\0n\0t\0r\0a\0r\0i\0_\0p\0r\0o\0d\0u\0s\0e\0\0\0\0\0\0d\0b\0o\0\0\0\0$\0\0\0\0P\0r\0o\0d\0u\0s\0\0\0\0\0\0d\0b\0o\0\0\0\0\0\0օ	kE7d2p\0N\0\0\0{\01\06\03\04\0C\0D\0D\07\0-\00\08\08\08\0-\04\02\0E\03\0-\09\0F\0A\02\0-\0B\06\0D\03\02\05\06\03\0B\09\01\0D\0}\0\0\0\0\0\0\0\0\0\0\0\0\0\0\0\0\0\0\0\0\0\0\0\0\0\0\0\0\0\0\0\0\0\0\0\0\0\0\0\0\0\0\0\0\0\0\0\0\0\0\0\0\0\0\0\0\0\0\0\0\0\0\0\0\0\0\0\0\0\0\0\0\0\0\0\0\0\0\0\0\0\0\0\0\0\0\0\0\0\0\0\0\0\0\0\0\0\0\0\0\0\0\0\0\0\0\0\0\0\0\0\0\0\0\0\0\0\0\0\0\0\0\0\0\0\0\0\0\0\0\0\0\0\0\0\0\0\0\0\0\0\0\0\0\0\0\0\0\0\0\0\0\0\0\0\0\0\0\0\0\0\0\0\0\0\0\0bR');
/*!40000 ALTER TABLE `sysdiagrams` ENABLE KEYS */;
UNLOCK TABLES;
/*!40103 SET TIME_ZONE=@OLD_TIME_ZONE */;

/*!40101 SET SQL_MODE=@OLD_SQL_MODE */;
/*!40014 SET FOREIGN_KEY_CHECKS=@OLD_FOREIGN_KEY_CHECKS */;
/*!40014 SET UNIQUE_CHECKS=@OLD_UNIQUE_CHECKS */;
/*!40101 SET CHARACTER_SET_CLIENT=@OLD_CHARACTER_SET_CLIENT */;
/*!40101 SET CHARACTER_SET_RESULTS=@OLD_CHARACTER_SET_RESULTS */;
/*!40101 SET COLLATION_CONNECTION=@OLD_COLLATION_CONNECTION */;
/*!40111 SET SQL_NOTES=@OLD_SQL_NOTES */;

-- Dump completed on 2017-01-10 17:09:22
